,labels,predictions,predicted_label
0,1,0.5333333333333333,True
1,1,0.4666666666666667,False
2,1,0.26666666666666666,False
3,1,0.5333333333333333,True
4,1,0.6666666666666666,True
5,1,0.4666666666666667,False
6,1,0.4,False
7,1,0.6666666666666666,True
8,1,0.6,True
9,1,0.6,True
10,1,0.6,True
11,1,0.8,True
12,1,0.3333333333333333,False
13,1,0.2,False
14,1,0.3333333333333333,False
15,1,0.8,True
16,1,0.9333333333333333,True
17,1,0.8,True
18,1,1.0,True
19,1,0.6,True
20,1,0.6666666666666666,True
21,1,0.4666666666666667,False
22,1,0.4,False
23,1,0.4666666666666667,False
24,1,0.8,True
25,1,0.8,True
26,1,0.6666666666666666,True
27,1,0.6666666666666666,True
28,1,0.8666666666666667,True
29,1,0.6666666666666666,True
30,1,0.8666666666666667,True
31,1,0.9333333333333333,True
32,1,0.8,True
33,1,0.8,True
34,1,1.0,True
35,1,0.8666666666666667,True
36,1,0.6666666666666666,True
37,1,0.8666666666666667,True
38,1,0.4666666666666667,False
39,1,0.5333333333333333,True
40,1,0.6666666666666666,True
41,1,0.8,True
42,1,0.8,True
43,1,0.8,True
44,1,0.9333333333333333,True
45,1,0.6666666666666666,True
46,1,0.7333333333333333,True
47,1,0.8666666666666667,True
48,1,0.9333333333333333,True
49,1,0.8,True
50,1,0.8666666666666667,True
51,1,0.6666666666666666,True
52,1,0.7333333333333333,True
53,1,0.5333333333333333,True
54,1,0.6,True
55,1,0.2,False
56,1,0.26666666666666666,False
57,1,0.13333333333333333,False
58,1,0.8666666666666667,True
59,1,0.6,True
60,1,0.9333333333333333,True
61,1,0.6666666666666666,True
62,1,0.8,True
63,1,0.7333333333333333,True
64,1,0.6666666666666666,True
65,1,0.7333333333333333,True
66,1,0.8,True
67,1,0.6,True
68,1,0.8,True
69,1,0.8666666666666667,True
70,1,0.5333333333333333,True
71,1,0.9333333333333333,True
72,1,0.7333333333333333,True
73,1,0.8666666666666667,True
74,1,0.8666666666666667,True
75,1,0.6,True
76,1,0.8666666666666667,True
77,1,0.8,True
78,1,0.7333333333333333,True
79,1,0.4,False
80,1,0.2,False
81,1,0.9333333333333333,True
82,1,0.4666666666666667,False
83,1,0.9333333333333333,True
84,1,0.06666666666666667,False
85,1,0.8,True
86,1,0.8,True
87,1,0.3333333333333333,False
88,1,0.8,True
89,1,0.8,True
90,1,0.7333333333333333,True
91,1,0.9333333333333333,True
92,1,0.8,True
93,1,0.06666666666666667,False
94,1,0.8,True
95,1,0.8,True
96,1,0.7333333333333333,True
97,1,0.6,True
98,1,0.6666666666666666,True
99,1,0.7333333333333333,True
100,1,0.8666666666666667,True
101,1,0.8666666666666667,True
102,1,0.7333333333333333,True
103,1,0.7333333333333333,True
104,1,0.7333333333333333,True
105,1,0.3333333333333333,False
106,1,0.8,True
107,1,0.7333333333333333,True
108,1,0.7333333333333333,True
109,1,0.7333333333333333,True
110,1,0.8,True
111,1,0.6666666666666666,True
112,1,0.7333333333333333,True
113,1,0.26666666666666666,False
114,1,0.7333333333333333,True
115,1,0.6666666666666666,True
116,1,0.8,True
117,1,0.6666666666666666,True
118,1,0.6666666666666666,True
119,1,0.13333333333333333,False
120,1,0.8,True
121,1,0.5333333333333333,True
122,1,0.9333333333333333,True
123,1,0.13333333333333333,False
124,1,0.2,False
125,1,0.8,True
126,1,0.7333333333333333,True
127,1,0.5333333333333333,True
128,1,0.7333333333333333,True
129,1,0.4,False
130,1,0.8,True
131,1,0.8666666666666667,True
132,1,0.8,True
133,1,0.7333333333333333,True
134,1,0.9333333333333333,True
135,1,0.9333333333333333,True
136,1,0.7333333333333333,True
137,1,0.4,False
138,1,0.7333333333333333,True
139,1,0.8,True
140,1,0.8,True
141,1,0.6,True
142,1,0.7333333333333333,True
143,1,0.7333333333333333,True
144,1,0.8,True
145,1,0.8,True
146,1,0.8,True
147,1,0.8666666666666667,True
148,1,0.8666666666666667,True
149,1,0.8,True
150,1,0.8,True
151,1,0.6,True
152,1,0.0,False
153,1,0.8,True
154,1,0.8,True
155,1,0.8666666666666667,True
156,1,0.5333333333333333,True
157,1,0.7333333333333333,True
158,1,0.4,False
159,1,0.9333333333333333,True
160,1,0.7333333333333333,True
161,1,0.4666666666666667,False
162,1,0.5333333333333333,True
163,1,0.6,True
164,1,0.6,True
165,1,0.7333333333333333,True
166,1,0.8666666666666667,True
167,1,0.6666666666666666,True
168,1,0.6,True
169,1,0.9333333333333333,True
170,1,0.8,True
171,1,0.6666666666666666,True
172,1,0.9333333333333333,True
173,1,0.8,True
174,1,0.8666666666666667,True
175,1,1.0,True
176,1,0.6,True
177,1,0.8666666666666667,True
178,1,0.8,True
179,1,1.0,True
180,1,0.26666666666666666,False
181,1,0.6666666666666666,True
182,1,0.7333333333333333,True
183,1,0.7333333333333333,True
184,1,0.8666666666666667,True
185,1,0.3333333333333333,False
186,1,0.26666666666666666,False
187,1,0.9333333333333333,True
188,1,0.8,True
189,1,0.6666666666666666,True
190,1,0.2,False
191,1,0.8,True
192,1,0.6,True
193,1,0.8,True
194,1,0.26666666666666666,False
195,1,0.7333333333333333,True
196,1,0.8666666666666667,True
197,1,0.8666666666666667,True
198,1,0.5333333333333333,True
199,1,0.6666666666666666,True
200,1,0.7333333333333333,True
201,1,0.6666666666666666,True
202,1,0.9333333333333333,True
203,1,0.9333333333333333,True
204,1,0.8,True
205,1,0.8666666666666667,True
206,1,0.6666666666666666,True
207,1,0.6666666666666666,True
208,1,0.6666666666666666,True
209,1,0.6666666666666666,True
210,1,0.6666666666666666,True
211,1,0.2,False
212,1,0.7333333333333333,True
213,1,0.8666666666666667,True
214,1,0.8,True
215,1,0.8666666666666667,True
216,1,0.8,True
217,1,0.7333333333333333,True
218,1,0.7333333333333333,True
219,1,0.6666666666666666,True
220,1,0.6666666666666666,True
221,1,0.7333333333333333,True
222,1,0.3333333333333333,False
223,1,0.9333333333333333,True
224,1,0.2,False
225,1,0.8,True
226,1,0.7333333333333333,True
227,1,0.9333333333333333,True
228,1,0.6666666666666666,True
229,1,0.8,True
230,1,0.6666666666666666,True
231,1,0.7333333333333333,True
232,1,0.9333333333333333,True
233,1,0.7333333333333333,True
234,1,0.6,True
235,1,0.2,False
236,1,0.8,True
237,1,0.6,True
238,1,0.8666666666666667,True
239,1,0.6,True
240,1,0.8,True
241,1,0.8,True
242,1,0.7333333333333333,True
243,1,0.7333333333333333,True
244,1,0.7333333333333333,True
245,1,0.7333333333333333,True
246,1,0.6666666666666666,True
247,1,0.8666666666666667,True
248,1,0.8666666666666667,True
249,1,0.8666666666666667,True
250,1,0.6,True
251,1,0.6,True
252,1,0.8,True
253,1,0.7333333333333333,True
254,1,0.8,True
255,1,0.8,True
256,1,0.3333333333333333,False
257,1,0.8,True
258,1,0.3333333333333333,False
259,1,0.8,True
260,1,0.26666666666666666,False
261,1,0.8,True
262,1,0.9333333333333333,True
263,1,0.7333333333333333,True
264,1,0.6666666666666666,True
265,1,0.7333333333333333,True
266,1,0.8666666666666667,True
267,1,0.8666666666666667,True
268,1,0.8,True
269,1,0.8666666666666667,True
270,1,0.8666666666666667,True
271,1,0.8666666666666667,True
272,1,0.7333333333333333,True
273,1,0.8666666666666667,True
274,1,0.8666666666666667,True
275,1,0.9333333333333333,True
276,1,0.6666666666666666,True
277,1,0.8,True
278,1,0.8,True
279,1,0.6666666666666666,True
280,1,0.7333333333333333,True
281,1,0.7333333333333333,True
282,1,0.2,False
283,1,0.8666666666666667,True
284,1,0.7333333333333333,True
285,1,0.6666666666666666,True
286,1,0.8,True
287,1,0.6666666666666666,True
288,1,0.2,False
289,1,0.7333333333333333,True
290,1,0.6666666666666666,True
291,1,0.5333333333333333,True
292,1,0.6666666666666666,True
293,1,0.8,True
294,1,0.8,True
295,1,0.6,True
296,1,0.06666666666666667,False
297,1,0.8666666666666667,True
298,1,0.8666666666666667,True
299,1,0.6666666666666666,True
300,1,0.3333333333333333,False
301,1,0.8,True
302,1,0.6666666666666666,True
303,1,0.6,True
304,1,0.7333333333333333,True
305,1,0.7333333333333333,True
306,1,0.8,True
307,1,0.5333333333333333,True
308,1,1.0,True
309,1,0.6666666666666666,True
310,1,0.7333333333333333,True
311,1,1.0,True
312,1,0.5333333333333333,True
313,1,0.6,True
314,1,0.9333333333333333,True
315,1,0.6,True
316,1,0.8,True
317,1,0.6666666666666666,True
318,1,0.7333333333333333,True
319,1,0.7333333333333333,True
320,1,0.4,False
321,1,0.7333333333333333,True
322,1,0.4666666666666667,False
323,1,0.6666666666666666,True
324,1,0.3333333333333333,False
325,1,0.5333333333333333,True
326,1,0.7333333333333333,True
327,1,0.2,False
328,1,0.26666666666666666,False
329,1,0.4,False
330,1,0.4,False
331,1,0.8,True
332,1,0.4,False
333,1,0.4,False
334,1,0.26666666666666666,False
335,1,0.5333333333333333,True
336,1,0.8666666666666667,True
337,1,0.8,True
338,1,0.6666666666666666,True
339,1,0.8,True
340,1,0.8666666666666667,True
341,1,0.4,False
342,1,0.3333333333333333,False
343,1,0.4,False
344,1,0.8666666666666667,True
345,1,0.4666666666666667,False
346,1,0.8,True
347,1,0.4666666666666667,False
348,1,0.06666666666666667,False
349,1,0.8,True
350,1,0.4666666666666667,False
351,1,0.4666666666666667,False
352,1,0.13333333333333333,False
353,1,0.8,True
354,1,0.3333333333333333,False
355,1,0.13333333333333333,False
356,1,1.0,True
357,1,0.7333333333333333,True
358,1,0.06666666666666667,False
359,1,1.0,True
360,1,0.3333333333333333,False
361,1,0.13333333333333333,False
362,1,0.13333333333333333,False
363,1,0.8,True
364,1,0.13333333333333333,False
365,1,0.26666666666666666,False
366,1,0.5333333333333333,True
367,1,1.0,True
368,1,0.8,True
369,1,0.6,True
370,1,0.3333333333333333,False
371,1,0.6666666666666666,True
372,1,0.6,True
373,1,0.7333333333333333,True
374,1,0.7333333333333333,True
375,1,0.6666666666666666,True
376,1,0.7333333333333333,True
377,1,0.8666666666666667,True
378,1,0.8,True
379,1,0.8,True
380,1,0.6666666666666666,True
381,1,0.6,True
382,1,0.8666666666666667,True
383,1,0.9333333333333333,True
384,1,0.6,True
385,1,0.8,True
386,1,0.6666666666666666,True
387,1,0.7333333333333333,True
388,1,0.8666666666666667,True
389,1,0.8666666666666667,True
390,1,0.8,True
391,1,0.8,True
392,1,0.8666666666666667,True
393,1,0.6,True
394,1,0.7333333333333333,True
395,1,0.9333333333333333,True
396,1,0.8666666666666667,True
397,1,0.7333333333333333,True
398,1,0.7333333333333333,True
399,1,0.8666666666666667,True
400,1,0.6666666666666666,True
401,1,0.8,True
402,1,0.8,True
403,1,0.7333333333333333,True
404,1,0.6666666666666666,True
405,1,0.8,True
406,1,0.9333333333333333,True
407,1,0.9333333333333333,True
408,1,0.6666666666666666,True
409,1,0.7333333333333333,True
410,1,0.9333333333333333,True
411,1,0.9333333333333333,True
412,1,1.0,True
413,1,0.8,True
414,1,0.5333333333333333,True
415,1,0.9333333333333333,True
416,1,0.6,True
417,1,0.8,True
418,1,0.7333333333333333,True
419,1,0.7333333333333333,True
420,1,1.0,True
421,1,0.8666666666666667,True
422,1,1.0,True
423,1,0.8,True
424,1,0.7333333333333333,True
425,1,0.8666666666666667,True
426,1,0.9333333333333333,True
427,1,0.6,True
428,1,0.7333333333333333,True
429,1,1.0,True
430,1,0.9333333333333333,True
431,1,0.8666666666666667,True
432,1,1.0,True
433,1,0.8666666666666667,True
434,1,0.6,True
435,1,0.8,True
436,1,0.8666666666666667,True
437,1,0.9333333333333333,True
438,1,0.8,True
439,1,1.0,True
440,1,0.8,True
441,1,0.8666666666666667,True
442,1,1.0,True
443,1,0.9333333333333333,True
444,1,0.6,True
445,1,0.6,True
446,1,0.5333333333333333,True
447,1,0.4,False
448,1,0.06666666666666667,False
449,1,0.7333333333333333,True
450,1,0.9333333333333333,True
451,1,0.7333333333333333,True
452,1,0.6666666666666666,True
453,1,0.9333333333333333,True
454,1,0.6,True
455,1,0.6666666666666666,True
456,1,0.5333333333333333,True
457,1,0.5333333333333333,True
458,1,0.8666666666666667,True
459,1,0.4,False
460,1,0.7333333333333333,True
461,1,0.7333333333333333,True
462,1,0.6666666666666666,True
463,1,0.3333333333333333,False
464,1,0.6666666666666666,True
465,1,0.8,True
466,1,0.6,True
467,1,0.6666666666666666,True
468,1,0.4666666666666667,False
469,1,0.7333333333333333,True
470,1,0.6666666666666666,True
471,1,0.6666666666666666,True
472,1,0.8666666666666667,True
473,1,0.9333333333333333,True
474,1,0.7333333333333333,True
475,1,0.8,True
476,1,1.0,True
477,1,0.6666666666666666,True
478,1,0.5333333333333333,True
479,1,1.0,True
480,1,0.8,True
481,1,0.5333333333333333,True
482,1,0.3333333333333333,False
483,1,0.4666666666666667,False
484,1,0.26666666666666666,False
485,1,0.3333333333333333,False
486,1,0.06666666666666667,False
487,1,0.4666666666666667,False
488,1,0.3333333333333333,False
489,1,0.4,False
490,1,0.4,False
491,1,0.6666666666666666,True
492,1,0.5333333333333333,True
493,1,0.5333333333333333,True
494,1,0.4,False
495,1,0.4666666666666667,False
496,1,0.4,False
497,1,0.6666666666666666,True
498,1,0.4666666666666667,False
499,1,0.4666666666666667,False
500,1,0.4,False
501,1,0.5333333333333333,True
502,1,0.26666666666666666,False
503,1,0.26666666666666666,False
504,1,0.26666666666666666,False
505,1,0.4666666666666667,False
506,1,0.4666666666666667,False
507,1,0.4,False
508,1,0.4666666666666667,False
509,1,0.7333333333333333,True
510,1,0.3333333333333333,False
511,1,0.5333333333333333,True
512,1,0.06666666666666667,False
513,1,0.6666666666666666,True
514,1,0.6,True
515,1,0.8666666666666667,True
516,1,0.6,True
517,1,0.26666666666666666,False
518,1,1.0,True
519,1,0.4666666666666667,False
520,1,0.6666666666666666,True
521,1,0.4666666666666667,False
522,1,0.6,True
523,1,0.13333333333333333,False
524,1,0.0,False
525,1,0.0,False
526,1,0.6666666666666666,True
527,1,0.6666666666666666,True
528,1,0.4,False
529,1,0.3333333333333333,False
530,1,0.13333333333333333,False
531,1,0.4666666666666667,False
532,1,0.6666666666666666,True
533,1,0.3333333333333333,False
534,1,0.4,False
535,1,0.4666666666666667,False
536,1,0.4,False
537,1,0.4,False
538,1,0.7333333333333333,True
539,1,0.13333333333333333,False
540,1,0.7333333333333333,True
541,1,0.8,True
542,1,0.5333333333333333,True
543,1,0.7333333333333333,True
544,1,0.4,False
545,1,0.4,False
546,1,0.2,False
547,1,0.8,True
548,1,0.6666666666666666,True
549,1,0.6,True
550,1,0.5333333333333333,True
551,1,0.6,True
552,1,0.6666666666666666,True
553,1,0.4,False
554,1,0.8666666666666667,True
555,1,0.6,True
556,1,0.9333333333333333,True
557,1,0.26666666666666666,False
558,1,0.2,False
559,1,0.9333333333333333,True
560,1,0.13333333333333333,False
561,1,0.3333333333333333,False
562,1,0.26666666666666666,False
563,1,0.9333333333333333,True
564,1,0.4,False
565,1,0.4,False
566,1,0.2,False
567,1,0.13333333333333333,False
568,1,0.8666666666666667,True
569,1,0.6,True
570,1,0.6,True
571,1,0.3333333333333333,False
572,1,0.4666666666666667,False
573,1,0.0,False
574,1,0.5333333333333333,True
575,1,0.5333333333333333,True
576,1,0.4,False
577,1,0.7333333333333333,True
578,1,0.4666666666666667,False
579,1,0.6,True
580,1,0.4666666666666667,False
581,1,0.5333333333333333,True
582,1,0.7333333333333333,True
583,1,0.4666666666666667,False
584,1,0.5333333333333333,True
585,1,0.5333333333333333,True
586,1,0.4,False
587,1,0.6666666666666666,True
588,1,0.13333333333333333,False
589,1,0.3333333333333333,False
590,1,0.4666666666666667,False
591,1,0.26666666666666666,False
592,1,0.3333333333333333,False
593,1,0.3333333333333333,False
594,1,0.8,True
595,1,0.6666666666666666,True
596,1,0.4666666666666667,False
597,1,0.5333333333333333,True
598,1,0.6666666666666666,True
599,1,0.7333333333333333,True
600,1,0.6666666666666666,True
601,1,0.4,False
602,1,0.6,True
603,1,0.6666666666666666,True
604,1,0.6666666666666666,True
605,1,0.7333333333333333,True
606,1,0.5333333333333333,True
607,1,0.6,True
608,1,0.6,True
609,1,0.6666666666666666,True
610,1,0.7333333333333333,True
611,1,0.7333333333333333,True
612,1,0.6,True
613,1,0.6,True
614,1,0.5333333333333333,True
615,1,0.7333333333333333,True
616,1,0.6,True
617,1,0.06666666666666667,False
618,1,0.6,True
619,1,0.6,True
620,1,0.6,True
621,1,0.5333333333333333,True
622,1,0.5333333333333333,True
623,1,0.7333333333333333,True
624,1,0.4666666666666667,False
625,1,0.7333333333333333,True
626,1,0.7333333333333333,True
627,1,0.4666666666666667,False
628,1,0.5333333333333333,True
629,1,0.4666666666666667,False
630,1,0.7333333333333333,True
631,1,0.7333333333333333,True
632,1,0.5333333333333333,True
633,1,0.6,True
634,1,0.7333333333333333,True
635,1,0.6666666666666666,True
636,1,0.8,True
637,1,0.5333333333333333,True
638,1,0.6,True
639,1,0.8666666666666667,True
640,1,0.8,True
641,1,0.7333333333333333,True
642,1,0.7333333333333333,True
643,1,0.8,True
644,1,0.8666666666666667,True
645,1,0.6,True
646,1,0.9333333333333333,True
647,1,0.7333333333333333,True
648,1,0.6,True
649,1,0.6666666666666666,True
650,1,0.8666666666666667,True
651,1,0.5333333333333333,True
652,1,0.7333333333333333,True
653,1,0.8666666666666667,True
654,1,0.7333333333333333,True
655,1,0.7333333333333333,True
656,1,0.9333333333333333,True
657,1,0.9333333333333333,True
658,1,0.6,True
659,1,0.2,False
660,1,0.06666666666666667,False
661,1,0.13333333333333333,False
662,1,0.8,True
663,1,0.8666666666666667,True
664,1,0.6666666666666666,True
665,1,0.8666666666666667,True
666,1,0.8,True
667,1,0.8,True
668,1,0.7333333333333333,True
669,1,0.8,True
670,1,0.6666666666666666,True
671,1,0.7333333333333333,True
672,1,0.6666666666666666,True
673,1,0.7333333333333333,True
674,1,0.7333333333333333,True
675,1,0.5333333333333333,True
676,1,0.6666666666666666,True
677,1,0.6666666666666666,True
678,1,0.4666666666666667,False
679,1,0.8666666666666667,True
680,1,0.7333333333333333,True
681,1,0.5333333333333333,True
682,1,0.8,True
683,1,0.6666666666666666,True
684,1,0.7333333333333333,True
685,1,0.7333333333333333,True
686,1,0.4666666666666667,False
687,1,0.4666666666666667,False
688,1,0.5333333333333333,True
689,1,0.4,False
690,1,0.4666666666666667,False
691,1,0.9333333333333333,True
692,1,0.8666666666666667,True
693,1,0.8,True
694,1,0.3333333333333333,False
695,1,0.2,False
696,1,0.5333333333333333,True
697,1,0.3333333333333333,False
698,1,0.6,True
699,1,0.6,True
700,1,0.6,True
701,1,0.7333333333333333,True
702,1,0.8666666666666667,True
703,1,0.6666666666666666,True
704,1,0.7333333333333333,True
705,1,0.6,True
706,1,0.26666666666666666,False
707,1,0.4,False
708,1,0.3333333333333333,False
709,1,1.0,True
710,1,0.8,True
711,1,0.6666666666666666,True
712,1,1.0,True
713,1,1.0,True
714,1,1.0,True
715,1,1.0,True
716,1,0.9333333333333333,True
717,1,0.9333333333333333,True
718,1,1.0,True
719,1,1.0,True
720,1,1.0,True
721,1,0.8,True
722,1,1.0,True
723,1,1.0,True
724,1,1.0,True
725,1,0.8,True
726,1,0.9333333333333333,True
727,1,0.8666666666666667,True
728,1,1.0,True
729,1,1.0,True
730,1,1.0,True
731,1,1.0,True
732,1,1.0,True
733,1,0.6666666666666666,True
734,1,1.0,True
735,1,1.0,True
736,1,0.9333333333333333,True
737,1,0.9333333333333333,True
738,1,0.9333333333333333,True
739,1,0.8666666666666667,True
740,1,1.0,True
741,1,1.0,True
742,1,1.0,True
743,1,0.9333333333333333,True
744,1,0.8,True
745,1,1.0,True
746,1,1.0,True
747,1,0.8,True
748,1,1.0,True
749,1,0.8,True
750,1,0.8,True
751,1,0.8,True
752,1,0.5333333333333333,True
753,1,0.4666666666666667,False
754,1,0.4666666666666667,False
755,1,0.5333333333333333,True
756,1,0.5333333333333333,True
757,1,0.8666666666666667,True
758,1,0.4,False
759,1,0.4,False
760,1,0.7333333333333333,True
761,1,0.8,True
762,1,0.7333333333333333,True
763,1,0.7333333333333333,True
764,1,0.7333333333333333,True
765,1,0.8,True
766,1,0.9333333333333333,True
767,1,0.5333333333333333,True
768,1,0.6,True
769,1,0.8,True
770,1,0.8666666666666667,True
771,1,0.7333333333333333,True
772,1,0.7333333333333333,True
773,1,0.8666666666666667,True
774,1,0.8666666666666667,True
775,1,0.7333333333333333,True
776,1,1.0,True
777,1,0.9333333333333333,True
778,1,0.8,True
779,1,0.7333333333333333,True
780,1,0.8,True
781,1,0.7333333333333333,True
782,1,0.7333333333333333,True
783,1,0.6666666666666666,True
784,1,0.6666666666666666,True
785,1,0.8666666666666667,True
786,1,0.8,True
787,1,0.7333333333333333,True
788,1,0.8666666666666667,True
789,1,0.8,True
790,1,0.8,True
791,1,0.6,True
792,1,0.8,True
793,1,0.8666666666666667,True
794,1,0.8,True
795,1,0.6,True
796,1,1.0,True
797,1,0.4666666666666667,False
798,1,0.4,False
799,1,0.3333333333333333,False
800,1,0.7333333333333333,True
801,1,0.8,True
802,1,0.8,True
803,1,0.6666666666666666,True
804,1,0.8,True
805,1,1.0,True
806,1,0.6,True
807,1,0.7333333333333333,True
808,1,1.0,True
809,1,0.6666666666666666,True
810,1,1.0,True
811,1,0.4666666666666667,False
812,1,0.6,True
813,1,0.4666666666666667,False
814,1,0.5333333333333333,True
815,1,0.6,True
816,1,0.6666666666666666,True
817,1,0.9333333333333333,True
818,1,0.8666666666666667,True
819,1,0.8,True
820,1,0.8666666666666667,True
821,1,0.6,True
822,1,0.7333333333333333,True
823,1,0.0,False
824,1,0.6666666666666666,True
825,1,0.5333333333333333,True
826,1,0.8,True
827,1,0.7333333333333333,True
828,1,0.6,True
829,1,1.0,True
830,1,1.0,True
831,1,1.0,True
832,1,0.8666666666666667,True
833,1,0.8666666666666667,True
834,1,1.0,True
835,1,0.6,True
836,1,1.0,True
837,1,1.0,True
838,1,1.0,True
839,1,0.6,True
840,1,0.7333333333333333,True
841,1,0.5333333333333333,True
842,1,0.3333333333333333,False
843,1,1.0,True
844,1,0.3333333333333333,False
845,1,0.26666666666666666,False
846,1,0.9333333333333333,True
847,1,0.9333333333333333,True
848,1,0.6,True
849,1,0.8666666666666667,True
850,1,0.8666666666666667,True
851,1,0.4666666666666667,False
852,1,0.8666666666666667,True
853,1,0.6,True
854,1,0.8,True
855,1,1.0,True
856,1,0.13333333333333333,False
857,1,0.2,False
858,1,0.2,False
859,1,0.5333333333333333,True
860,1,1.0,True
861,1,0.3333333333333333,False
862,1,1.0,True
863,1,0.4,False
864,1,0.9333333333333333,True
865,1,0.4,False
866,1,0.2,False
867,1,1.0,True
868,1,0.3333333333333333,False
869,1,1.0,True
870,1,1.0,True
871,1,0.06666666666666667,False
872,1,0.26666666666666666,False
873,1,0.8666666666666667,True
874,1,0.4666666666666667,False
875,1,0.5333333333333333,True
876,1,0.5333333333333333,True
877,1,0.8,True
878,1,0.6,True
879,1,0.4,False
880,1,0.4666666666666667,False
881,1,0.8,True
882,1,0.5333333333333333,True
883,1,0.6666666666666666,True
884,1,0.7333333333333333,True
885,1,0.6,True
886,1,0.26666666666666666,False
887,1,0.26666666666666666,False
888,1,0.6666666666666666,True
889,1,0.6666666666666666,True
890,1,1.0,True
891,1,1.0,True
892,1,0.5333333333333333,True
893,1,0.8666666666666667,True
894,1,0.3333333333333333,False
895,1,0.4666666666666667,False
896,1,0.3333333333333333,False
897,1,0.5333333333333333,True
898,1,0.4666666666666667,False
899,1,0.5333333333333333,True
900,1,0.4,False
901,1,0.4666666666666667,False
902,1,0.0,False
903,1,0.26666666666666666,False
904,1,0.2,False
905,1,0.9333333333333333,True
906,1,0.3333333333333333,False
907,1,0.6666666666666666,True
908,1,1.0,True
909,1,0.8,True
910,1,0.8666666666666667,True
911,1,0.13333333333333333,False
912,1,0.06666666666666667,False
913,1,0.9333333333333333,True
914,1,0.2,False
915,1,0.4,False
916,1,0.2,False
917,1,0.3333333333333333,False
918,1,1.0,True
919,1,0.5333333333333333,True
920,1,0.5333333333333333,True
921,1,0.4666666666666667,False
922,1,0.4666666666666667,False
923,1,0.4,False
924,1,0.8,True
925,1,0.4,False
926,1,0.7333333333333333,True
927,1,1.0,True
928,1,1.0,True
929,1,1.0,True
930,1,0.7333333333333333,True
931,1,0.8,True
932,1,0.7333333333333333,True
933,1,0.9333333333333333,True
934,1,0.7333333333333333,True
935,1,0.8666666666666667,True
936,1,0.6666666666666666,True
937,1,0.7333333333333333,True
938,1,0.3333333333333333,False
939,1,0.8666666666666667,True
940,1,0.9333333333333333,True
941,1,1.0,True
942,1,0.8666666666666667,True
943,1,0.9333333333333333,True
944,1,1.0,True
945,1,0.5333333333333333,True
946,1,1.0,True
947,1,0.3333333333333333,False
948,1,0.3333333333333333,False
949,1,0.4666666666666667,False
950,1,0.8,True
951,1,0.3333333333333333,False
952,1,0.6666666666666666,True
953,1,0.4666666666666667,False
954,1,0.5333333333333333,True
955,1,0.6,True
956,1,0.7333333333333333,True
957,1,0.6,True
958,1,0.8666666666666667,True
959,1,0.3333333333333333,False
960,1,0.2,False
961,1,0.8666666666666667,True
962,1,1.0,True
963,1,0.8666666666666667,True
964,1,0.9333333333333333,True
965,1,0.8,True
966,1,0.5333333333333333,True
967,1,0.6666666666666666,True
968,1,1.0,True
969,1,0.6,True
970,1,0.8,True
971,1,0.7333333333333333,True
972,1,1.0,True
973,1,0.8,True
974,1,0.8666666666666667,True
975,1,0.7333333333333333,True
976,1,0.6666666666666666,True
977,1,0.3333333333333333,False
978,1,0.3333333333333333,False
979,1,0.3333333333333333,False
980,1,0.3333333333333333,False
981,1,0.6666666666666666,True
982,1,0.8,True
983,1,0.13333333333333333,False
984,1,0.4666666666666667,False
985,1,0.06666666666666667,False
986,1,0.06666666666666667,False
987,1,0.0,False
988,1,0.6666666666666666,True
989,1,0.8666666666666667,True
990,1,0.8,True
991,1,0.8,True
992,1,0.7333333333333333,True
993,1,0.8666666666666667,True
994,1,0.8,True
995,1,0.6666666666666666,True
996,1,0.8,True
997,1,0.8666666666666667,True
998,1,0.8,True
999,1,1.0,True
1000,1,0.6666666666666666,True
1001,1,0.5333333333333333,True
1002,1,0.8666666666666667,True
1003,1,0.5333333333333333,True
1004,1,0.6,True
1005,1,0.4,False
1006,1,0.4,False
1007,1,0.7333333333333333,True
1008,1,0.3333333333333333,False
1009,1,0.3333333333333333,False
1010,1,0.5333333333333333,True
1011,1,0.5333333333333333,True
1012,1,0.7333333333333333,True
1013,1,0.4,False
1014,1,0.5333333333333333,True
1015,1,0.3333333333333333,False
1016,1,0.4,False
1017,1,0.06666666666666667,False
1018,1,0.4666666666666667,False
1019,1,0.2,False
1020,1,0.6,True
1021,1,1.0,True
1022,1,1.0,True
1023,1,1.0,True
1024,1,1.0,True
1025,1,0.8,True
1026,1,1.0,True
1027,1,1.0,True
1028,1,1.0,True
1029,1,1.0,True
1030,1,1.0,True
1031,1,0.26666666666666666,False
1032,1,1.0,True
1033,1,1.0,True
1034,1,1.0,True
1035,1,0.9333333333333333,True
1036,1,1.0,True
1037,1,1.0,True
1038,1,1.0,True
1039,1,0.6,True
1040,1,1.0,True
1041,1,1.0,True
1042,1,1.0,True
1043,1,1.0,True
1044,1,1.0,True
1045,1,1.0,True
1046,1,1.0,True
1047,1,1.0,True
1048,1,0.8666666666666667,True
1049,1,0.6666666666666666,True
1050,1,0.9333333333333333,True
1051,1,1.0,True
1052,1,1.0,True
1053,1,1.0,True
1054,1,1.0,True
1055,1,1.0,True
1056,1,1.0,True
1057,1,1.0,True
1058,1,1.0,True
1059,1,1.0,True
1060,0,0.06666666666666667,False
1061,0,0.3333333333333333,False
1062,0,0.13333333333333333,False
1063,0,0.13333333333333333,False
1064,0,0.3333333333333333,False
1065,0,0.26666666666666666,False
1066,0,0.06666666666666667,False
1067,0,0.4,False
1068,0,0.4666666666666667,False
1069,0,0.3333333333333333,False
1070,0,0.26666666666666666,False
1071,0,0.2,False
1072,0,0.06666666666666667,False
1073,0,0.5333333333333333,True
1074,0,0.06666666666666667,False
1075,0,0.0,False
1076,0,0.13333333333333333,False
1077,0,0.0,False
1078,0,0.4,False
1079,0,0.6,True
1080,0,0.5333333333333333,True
1081,0,0.13333333333333333,False
1082,0,0.13333333333333333,False
1083,0,0.13333333333333333,False
1084,0,0.13333333333333333,False
1085,0,0.2,False
1086,0,0.26666666666666666,False
1087,0,0.4,False
1088,0,0.26666666666666666,False
1089,0,0.4666666666666667,False
1090,0,0.2,False
1091,0,0.3333333333333333,False
1092,0,0.26666666666666666,False
1093,0,0.2,False
1094,0,0.8666666666666667,True
1095,0,0.13333333333333333,False
1096,0,0.5333333333333333,True
1097,0,0.2,False
1098,0,0.26666666666666666,False
1099,0,0.2,False
1100,0,0.8666666666666667,True
1101,0,0.6666666666666666,True
1102,0,0.4,False
1103,0,0.13333333333333333,False
1104,0,0.26666666666666666,False
1105,0,0.4,False
1106,0,0.26666666666666666,False
1107,0,0.26666666666666666,False
1108,0,0.6,True
1109,0,0.13333333333333333,False
1110,0,0.7333333333333333,True
1111,0,0.5333333333333333,True
1112,0,0.13333333333333333,False
1113,0,0.3333333333333333,False
1114,0,0.06666666666666667,False
1115,0,0.6666666666666666,True
1116,0,0.6666666666666666,True
1117,0,0.06666666666666667,False
1118,0,0.13333333333333333,False
1119,0,0.13333333333333333,False
1120,0,0.6,True
1121,0,0.26666666666666666,False
1122,0,0.2,False
1123,0,0.06666666666666667,False
1124,0,0.7333333333333333,True
1125,0,0.13333333333333333,False
1126,0,0.06666666666666667,False
1127,0,0.0,False
1128,0,0.26666666666666666,False
1129,0,0.7333333333333333,True
1130,0,0.0,False
1131,0,0.26666666666666666,False
1132,0,0.6,True
1133,0,0.4,False
1134,0,0.8666666666666667,True
1135,0,0.2,False
1136,0,0.6666666666666666,True
1137,0,0.5333333333333333,True
1138,0,0.8,True
1139,0,0.3333333333333333,False
1140,0,0.2,False
1141,0,0.8666666666666667,True
1142,0,0.06666666666666667,False
1143,0,0.6,True
1144,0,0.5333333333333333,True
1145,0,0.6666666666666666,True
1146,0,0.0,False
1147,0,0.4666666666666667,False
1148,0,0.2,False
1149,0,0.4,False
1150,0,0.4,False
1151,0,0.26666666666666666,False
1152,0,0.4666666666666667,False
1153,0,0.8,True
1154,0,0.9333333333333333,True
1155,0,0.26666666666666666,False
1156,0,0.2,False
1157,0,0.3333333333333333,False
1158,0,0.26666666666666666,False
1159,0,0.26666666666666666,False
1160,0,0.26666666666666666,False
1161,0,0.8,True
1162,0,0.2,False
1163,0,0.6666666666666666,True
1164,0,0.06666666666666667,False
1165,0,0.4666666666666667,False
1166,0,0.0,False
1167,0,0.6,True
1168,0,0.13333333333333333,False
1169,0,0.26666666666666666,False
1170,0,0.3333333333333333,False
1171,0,0.9333333333333333,True
1172,0,0.5333333333333333,True
1173,0,0.3333333333333333,False
1174,0,0.0,False
1175,0,0.7333333333333333,True
1176,0,0.26666666666666666,False
1177,0,0.0,False
1178,0,0.4,False
1179,0,0.4,False
1180,0,0.3333333333333333,False
1181,0,0.4666666666666667,False
1182,0,0.8666666666666667,True
1183,0,0.26666666666666666,False
1184,0,0.4666666666666667,False
1185,0,0.3333333333333333,False
1186,0,0.6666666666666666,True
1187,0,0.4,False
1188,0,0.8,True
1189,0,0.26666666666666666,False
1190,0,0.13333333333333333,False
1191,0,0.2,False
1192,0,0.7333333333333333,True
1193,0,0.8666666666666667,True
1194,0,0.2,False
1195,0,0.7333333333333333,True
1196,0,0.06666666666666667,False
1197,0,0.06666666666666667,False
1198,0,0.4666666666666667,False
1199,0,0.6666666666666666,True
1200,0,0.2,False
1201,0,0.4666666666666667,False
1202,0,0.2,False
1203,0,0.2,False
1204,0,0.7333333333333333,True
1205,0,0.4,False
1206,0,0.6666666666666666,True
1207,0,0.4,False
1208,0,0.26666666666666666,False
1209,0,0.6,True
1210,0,0.9333333333333333,True
1211,0,0.13333333333333333,False
1212,0,0.8666666666666667,True
1213,0,0.7333333333333333,True
1214,0,0.7333333333333333,True
1215,0,0.13333333333333333,False
1216,0,0.06666666666666667,False
1217,0,0.26666666666666666,False
1218,0,0.5333333333333333,True
1219,0,0.4,False
1220,0,0.3333333333333333,False
1221,0,0.2,False
1222,0,0.4,False
1223,0,0.2,False
1224,0,0.13333333333333333,False
1225,0,0.3333333333333333,False
1226,0,0.4666666666666667,False
1227,0,0.4666666666666667,False
1228,0,0.8,True
1229,0,0.26666666666666666,False
1230,0,0.7333333333333333,True
1231,0,0.3333333333333333,False
1232,0,0.13333333333333333,False
1233,0,0.3333333333333333,False
1234,0,0.13333333333333333,False
1235,0,0.06666666666666667,False
1236,0,0.3333333333333333,False
1237,0,0.4,False
1238,0,0.13333333333333333,False
1239,0,0.26666666666666666,False
1240,0,0.26666666666666666,False
1241,0,0.13333333333333333,False
1242,0,0.2,False
1243,0,0.8666666666666667,True
1244,0,0.7333333333333333,True
1245,0,0.6,True
1246,0,0.4666666666666667,False
1247,0,0.7333333333333333,True
1248,0,0.5333333333333333,True
1249,0,0.8666666666666667,True
1250,0,0.26666666666666666,False
1251,0,0.8,True
1252,0,0.26666666666666666,False
1253,0,0.13333333333333333,False
1254,0,0.13333333333333333,False
1255,0,0.06666666666666667,False
1256,0,0.26666666666666666,False
1257,0,0.06666666666666667,False
1258,0,0.3333333333333333,False
1259,0,0.6,True
1260,0,0.0,False
1261,0,0.3333333333333333,False
1262,0,0.4666666666666667,False
1263,0,0.06666666666666667,False
1264,0,0.4666666666666667,False
1265,0,0.13333333333333333,False
1266,0,0.5333333333333333,True
1267,0,0.26666666666666666,False
1268,0,0.06666666666666667,False
1269,0,0.9333333333333333,True
1270,0,0.2,False
1271,0,0.6666666666666666,True
1272,0,0.3333333333333333,False
1273,0,0.3333333333333333,False
1274,0,0.4,False
1275,0,0.13333333333333333,False
1276,0,0.7333333333333333,True
1277,0,0.4666666666666667,False
1278,0,0.8666666666666667,True
1279,0,0.6666666666666666,True
1280,0,0.3333333333333333,False
1281,0,0.06666666666666667,False
1282,0,0.8666666666666667,True
1283,0,0.5333333333333333,True
1284,0,0.7333333333333333,True
1285,0,0.3333333333333333,False
1286,0,0.3333333333333333,False
1287,0,0.0,False
1288,0,0.8666666666666667,True
1289,0,0.5333333333333333,True
1290,0,0.4,False
1291,0,0.4666666666666667,False
1292,0,0.4,False
1293,0,0.13333333333333333,False
1294,0,0.3333333333333333,False
1295,0,0.26666666666666666,False
1296,0,0.4666666666666667,False
1297,0,0.26666666666666666,False
1298,0,0.6666666666666666,True
1299,0,0.2,False
1300,0,0.5333333333333333,True
1301,0,0.6666666666666666,True
1302,0,0.6,True
1303,0,0.13333333333333333,False
1304,0,0.13333333333333333,False
1305,0,0.26666666666666666,False
1306,0,0.0,False
1307,0,0.9333333333333333,True
1308,0,0.4,False
1309,0,0.5333333333333333,True
1310,0,0.3333333333333333,False
1311,0,0.26666666666666666,False
1312,0,0.13333333333333333,False
1313,0,0.5333333333333333,True
1314,0,0.5333333333333333,True
1315,0,0.8,True
1316,0,0.9333333333333333,True
1317,0,0.26666666666666666,False
1318,0,0.06666666666666667,False
1319,0,0.26666666666666666,False
1320,0,0.6,True
1321,0,0.26666666666666666,False
1322,0,0.6,True
1323,0,0.4,False
1324,0,0.3333333333333333,False
1325,0,0.4,False
1326,0,0.7333333333333333,True
1327,0,0.5333333333333333,True
1328,0,0.26666666666666666,False
1329,0,0.8666666666666667,True
1330,0,0.6666666666666666,True
1331,0,0.2,False
1332,0,0.2,False
1333,0,0.13333333333333333,False
1334,0,0.8,True
1335,0,0.26666666666666666,False
1336,0,0.9333333333333333,True
1337,0,1.0,True
1338,0,0.8,True
1339,0,0.2,False
1340,0,0.26666666666666666,False
1341,0,0.13333333333333333,False
1342,0,0.0,False
1343,0,0.13333333333333333,False
1344,0,0.0,False
1345,0,0.6,True
1346,0,0.3333333333333333,False
1347,0,0.2,False
1348,0,0.26666666666666666,False
1349,0,0.3333333333333333,False
1350,0,0.9333333333333333,True
1351,0,0.2,False
1352,0,0.8,True
1353,0,0.6,True
1354,0,0.26666666666666666,False
1355,0,0.0,False
1356,0,0.13333333333333333,False
1357,0,0.13333333333333333,False
1358,0,0.06666666666666667,False
1359,0,0.7333333333333333,True
1360,0,0.0,False
1361,0,0.0,False
1362,0,0.13333333333333333,False
1363,0,0.3333333333333333,False
1364,0,0.13333333333333333,False
1365,0,0.2,False
1366,0,0.2,False
1367,0,0.26666666666666666,False
1368,0,0.13333333333333333,False
1369,0,0.6666666666666666,True
1370,0,0.4,False
1371,0,0.13333333333333333,False
1372,0,0.8,True
1373,0,0.7333333333333333,True
1374,0,0.4,False
1375,0,0.06666666666666667,False
1376,0,0.06666666666666667,False
1377,0,1.0,True
1378,0,0.8,True
1379,0,0.6666666666666666,True
1380,0,0.4666666666666667,False
1381,0,0.8,True
1382,0,0.06666666666666667,False
1383,0,0.7333333333333333,True
1384,0,0.3333333333333333,False
1385,0,0.9333333333333333,True
1386,0,0.6,True
1387,0,0.3333333333333333,False
1388,0,0.13333333333333333,False
1389,0,0.2,False
1390,0,0.06666666666666667,False
1391,0,0.13333333333333333,False
1392,0,0.4666666666666667,False
1393,0,0.06666666666666667,False
1394,0,0.4,False
1395,0,0.13333333333333333,False
1396,0,0.06666666666666667,False
1397,0,0.4666666666666667,False
1398,0,0.06666666666666667,False
1399,0,0.7333333333333333,True
1400,0,0.3333333333333333,False
1401,0,0.3333333333333333,False
1402,0,0.8666666666666667,True
1403,0,0.2,False
1404,0,0.2,False
1405,0,0.8,True
1406,0,0.6,True
1407,0,0.6666666666666666,True
1408,0,0.13333333333333333,False
1409,0,0.8666666666666667,True
1410,0,0.26666666666666666,False
1411,0,0.2,False
1412,0,0.26666666666666666,False
1413,0,0.4666666666666667,False
1414,0,0.6666666666666666,True
1415,0,0.26666666666666666,False
1416,0,0.2,False
1417,0,0.26666666666666666,False
1418,0,0.26666666666666666,False
1419,0,0.4666666666666667,False
1420,0,0.6666666666666666,True
1421,0,0.13333333333333333,False
1422,0,0.2,False
1423,0,0.2,False
1424,0,0.4,False
1425,0,0.06666666666666667,False
1426,0,0.2,False
1427,0,0.3333333333333333,False
1428,0,0.0,False
1429,0,0.26666666666666666,False
1430,0,0.13333333333333333,False
1431,0,0.0,False
1432,0,0.4666666666666667,False
1433,0,0.13333333333333333,False
1434,0,0.26666666666666666,False
1435,0,0.4,False
1436,0,0.2,False
1437,0,0.4,False
1438,0,0.2,False
1439,0,0.06666666666666667,False
1440,0,0.2,False
1441,0,0.13333333333333333,False
1442,0,0.3333333333333333,False
1443,0,0.8,True
1444,0,0.13333333333333333,False
1445,0,0.13333333333333333,False
1446,0,0.0,False
1447,0,0.13333333333333333,False
1448,0,0.6666666666666666,True
1449,0,0.3333333333333333,False
1450,0,0.5333333333333333,True
1451,0,0.3333333333333333,False
1452,0,0.5333333333333333,True
1453,0,0.26666666666666666,False
1454,0,0.4666666666666667,False
1455,0,0.3333333333333333,False
1456,0,0.4,False
1457,0,0.2,False
1458,0,0.4,False
1459,0,0.2,False
1460,0,0.9333333333333333,True
1461,0,0.4,False
1462,0,0.2,False
1463,0,0.4,False
1464,0,0.13333333333333333,False
1465,0,0.3333333333333333,False
1466,0,0.3333333333333333,False
1467,0,0.06666666666666667,False
1468,0,0.26666666666666666,False
1469,0,0.26666666666666666,False
1470,0,0.13333333333333333,False
1471,0,0.6,True
1472,0,0.13333333333333333,False
1473,0,0.2,False
1474,0,0.8,True
1475,0,0.8666666666666667,True
1476,0,0.4,False
1477,0,0.8,True
1478,0,0.6666666666666666,True
1479,0,0.7333333333333333,True
1480,0,0.06666666666666667,False
1481,0,0.13333333333333333,False
1482,0,0.8666666666666667,True
1483,0,0.8,True
1484,0,0.26666666666666666,False
1485,0,0.8,True
1486,0,0.6,True
1487,0,0.06666666666666667,False
1488,0,0.0,False
1489,0,0.3333333333333333,False
1490,0,0.8,True
1491,0,0.13333333333333333,False
1492,0,0.4666666666666667,False
1493,0,0.3333333333333333,False
1494,0,0.5333333333333333,True
1495,0,0.2,False
1496,0,0.3333333333333333,False
1497,0,0.13333333333333333,False
1498,0,0.4,False
1499,0,0.3333333333333333,False
1500,0,0.13333333333333333,False
1501,0,0.6666666666666666,True
1502,0,0.2,False
1503,0,0.26666666666666666,False
1504,0,0.4666666666666667,False
1505,0,0.26666666666666666,False
1506,0,0.4,False
1507,0,0.13333333333333333,False
1508,0,0.06666666666666667,False
1509,0,0.26666666666666666,False
1510,0,0.13333333333333333,False
1511,0,0.26666666666666666,False
1512,0,0.5333333333333333,True
1513,0,0.6666666666666666,True
1514,0,0.26666666666666666,False
1515,0,0.3333333333333333,False
1516,0,0.4666666666666667,False
1517,0,0.26666666666666666,False
1518,0,0.26666666666666666,False
1519,0,0.26666666666666666,False
1520,0,0.7333333333333333,True
1521,0,0.2,False
1522,0,0.4,False
1523,0,0.26666666666666666,False
1524,0,0.26666666666666666,False
1525,0,0.26666666666666666,False
1526,0,0.26666666666666666,False
1527,0,0.06666666666666667,False
1528,0,0.3333333333333333,False
1529,0,0.26666666666666666,False
1530,0,0.26666666666666666,False
1531,0,0.3333333333333333,False
1532,0,0.8666666666666667,True
1533,0,0.13333333333333333,False
1534,0,0.2,False
1535,0,0.13333333333333333,False
1536,0,0.6666666666666666,True
1537,0,0.8666666666666667,True
1538,0,0.13333333333333333,False
1539,0,0.5333333333333333,True
1540,0,0.26666666666666666,False
1541,0,0.5333333333333333,True
1542,0,0.8,True
1543,0,0.6666666666666666,True
1544,0,0.2,False
1545,0,0.06666666666666667,False
1546,0,0.7333333333333333,True
1547,0,0.26666666666666666,False
1548,0,0.7333333333333333,True
1549,0,0.13333333333333333,False
1550,0,0.26666666666666666,False
1551,0,0.26666666666666666,False
1552,0,0.06666666666666667,False
1553,0,0.8,True
1554,0,0.06666666666666667,False
1555,0,0.8666666666666667,True
1556,0,0.2,False
1557,0,0.5333333333333333,True
1558,0,0.06666666666666667,False
1559,0,0.6666666666666666,True
1560,0,0.26666666666666666,False
1561,0,0.3333333333333333,False
1562,0,0.6,True
1563,0,0.2,False
1564,0,0.6,True
1565,0,0.3333333333333333,False
1566,0,0.5333333333333333,True
1567,0,0.26666666666666666,False
1568,0,0.6666666666666666,True
1569,0,0.26666666666666666,False
1570,0,0.0,False
1571,0,0.2,False
1572,0,0.7333333333333333,True
1573,0,0.0,False
1574,0,0.26666666666666666,False
1575,0,0.5333333333333333,True
1576,0,0.6,True
1577,0,0.5333333333333333,True
1578,0,0.4666666666666667,False
1579,0,0.2,False
1580,0,0.8666666666666667,True
1581,0,0.4,False
1582,0,0.13333333333333333,False
1583,0,0.6,True
1584,0,0.6,True
1585,0,0.8666666666666667,True
1586,0,0.8666666666666667,True
1587,0,0.26666666666666666,False
1588,0,0.06666666666666667,False
1589,0,0.2,False
1590,0,0.7333333333333333,True
1591,0,0.6666666666666666,True
1592,0,0.06666666666666667,False
1593,0,0.2,False
1594,0,0.26666666666666666,False
1595,0,0.4666666666666667,False
1596,0,0.3333333333333333,False
1597,0,0.06666666666666667,False
1598,0,0.26666666666666666,False
1599,0,0.8,True
1600,0,0.06666666666666667,False
1601,0,0.3333333333333333,False
1602,0,0.06666666666666667,False
1603,0,0.6666666666666666,True
1604,0,0.4666666666666667,False
1605,0,0.26666666666666666,False
1606,0,0.06666666666666667,False
1607,0,0.6,True
1608,0,0.8,True
1609,0,0.4,False
1610,0,0.5333333333333333,True
1611,0,0.8,True
1612,0,0.3333333333333333,False
1613,0,0.13333333333333333,False
1614,0,0.2,False
1615,0,0.6666666666666666,True
1616,0,0.26666666666666666,False
1617,0,0.6666666666666666,True
1618,0,0.26666666666666666,False
1619,0,0.5333333333333333,True
1620,0,0.4,False
1621,0,0.0,False
1622,0,0.0,False
1623,0,0.6666666666666666,True
1624,0,0.26666666666666666,False
1625,0,0.4666666666666667,False
1626,0,0.6666666666666666,True
1627,0,0.7333333333333333,True
1628,0,0.4666666666666667,False
1629,0,0.8666666666666667,True
1630,0,0.3333333333333333,False
1631,0,0.13333333333333333,False
1632,0,0.13333333333333333,False
1633,0,0.6666666666666666,True
1634,0,0.13333333333333333,False
1635,0,0.26666666666666666,False
1636,0,0.6,True
1637,0,0.4666666666666667,False
1638,0,0.2,False
1639,0,0.13333333333333333,False
1640,0,0.2,False
1641,0,0.5333333333333333,True
1642,0,0.13333333333333333,False
1643,0,0.5333333333333333,True
1644,0,0.13333333333333333,False
1645,0,0.7333333333333333,True
1646,0,0.13333333333333333,False
1647,0,0.2,False
1648,0,0.4,False
1649,0,0.3333333333333333,False
1650,0,0.7333333333333333,True
1651,0,0.4666666666666667,False
1652,0,0.13333333333333333,False
1653,0,0.4,False
1654,0,0.2,False
1655,0,0.13333333333333333,False
1656,0,0.8666666666666667,True
1657,0,0.4,False
1658,0,0.3333333333333333,False
1659,0,0.8,True
1660,0,0.4,False
1661,0,0.3333333333333333,False
1662,0,0.0,False
1663,0,0.4,False
1664,0,0.2,False
1665,0,0.06666666666666667,False
1666,0,0.2,False
1667,0,0.26666666666666666,False
1668,0,0.13333333333333333,False
1669,0,0.9333333333333333,True
1670,0,0.2,False
1671,0,0.6666666666666666,True
1672,0,0.2,False
1673,0,0.0,False
1674,0,0.13333333333333333,False
1675,0,0.4666666666666667,False
1676,0,0.5333333333333333,True
1677,0,0.5333333333333333,True
1678,0,0.2,False
1679,0,0.13333333333333333,False
1680,0,0.3333333333333333,False
1681,0,0.3333333333333333,False
1682,0,0.8,True
1683,0,0.0,False
1684,0,0.13333333333333333,False
1685,0,0.3333333333333333,False
1686,0,0.06666666666666667,False
1687,0,0.2,False
1688,0,0.26666666666666666,False
1689,0,0.0,False
1690,0,0.0,False
1691,0,0.13333333333333333,False
1692,0,0.6,True
1693,0,0.4,False
1694,0,0.8,True
1695,0,0.5333333333333333,True
1696,0,0.26666666666666666,False
1697,0,0.2,False
1698,0,0.0,False
1699,0,0.13333333333333333,False
1700,0,0.06666666666666667,False
1701,0,0.2,False
1702,0,0.13333333333333333,False
1703,0,0.06666666666666667,False
1704,0,0.13333333333333333,False
1705,0,0.13333333333333333,False
1706,0,0.13333333333333333,False
1707,0,0.5333333333333333,True
1708,0,0.2,False
1709,0,0.8,True
1710,0,0.5333333333333333,True
1711,0,0.7333333333333333,True
1712,0,0.4,False
1713,0,0.2,False
1714,0,0.13333333333333333,False
1715,0,0.7333333333333333,True
1716,0,0.06666666666666667,False
1717,0,0.2,False
1718,0,0.2,False
1719,0,0.8,True
1720,0,0.6,True
1721,0,0.6666666666666666,True
1722,0,0.7333333333333333,True
1723,0,0.06666666666666667,False
1724,0,0.26666666666666666,False
1725,0,0.5333333333333333,True
1726,0,0.3333333333333333,False
1727,0,0.4,False
1728,0,0.06666666666666667,False
1729,0,0.4,False
1730,0,0.2,False
1731,0,0.13333333333333333,False
1732,0,0.2,False
1733,0,0.3333333333333333,False
1734,0,0.6,True
1735,0,0.0,False
1736,0,0.26666666666666666,False
1737,0,0.6,True
1738,0,0.5333333333333333,True
1739,0,0.13333333333333333,False
1740,0,0.3333333333333333,False
1741,0,0.6,True
1742,0,0.6666666666666666,True
1743,0,0.3333333333333333,False
1744,0,0.26666666666666666,False
1745,0,0.4,False
1746,0,0.9333333333333333,True
1747,0,0.06666666666666667,False
1748,0,0.06666666666666667,False
1749,0,0.4,False
1750,0,0.8,True
1751,0,0.2,False
1752,0,0.26666666666666666,False
1753,0,0.06666666666666667,False
1754,0,0.6,True
1755,0,1.0,True
1756,0,0.2,False
1757,0,0.3333333333333333,False
1758,0,0.2,False
1759,0,0.26666666666666666,False
1760,0,0.13333333333333333,False
1761,0,0.26666666666666666,False
1762,0,0.13333333333333333,False
1763,0,0.26666666666666666,False
1764,0,0.4,False
1765,0,0.4666666666666667,False
1766,0,0.4,False
1767,0,0.8,True
1768,0,0.3333333333333333,False
1769,0,0.06666666666666667,False
1770,0,0.7333333333333333,True
1771,0,0.6666666666666666,True
1772,0,0.7333333333333333,True
1773,0,0.9333333333333333,True
1774,0,0.26666666666666666,False
1775,0,0.6,True
1776,0,0.0,False
1777,0,0.4666666666666667,False
1778,0,0.2,False
1779,0,0.06666666666666667,False
1780,0,0.4666666666666667,False
1781,0,0.2,False
1782,0,0.2,False
1783,0,0.5333333333333333,True
1784,0,0.2,False
1785,0,0.26666666666666666,False
1786,0,0.06666666666666667,False
1787,0,0.4666666666666667,False
1788,0,0.4,False
1789,0,0.4,False
1790,0,0.4,False
1791,0,0.5333333333333333,True
1792,0,0.26666666666666666,False
1793,0,0.3333333333333333,False
1794,0,0.13333333333333333,False
1795,0,0.13333333333333333,False
1796,0,0.6,True
1797,0,0.2,False
1798,0,0.4666666666666667,False
1799,0,0.7333333333333333,True
1800,0,0.6,True
1801,0,0.0,False
1802,0,0.06666666666666667,False
1803,0,0.8,True
1804,0,0.4666666666666667,False
1805,0,0.6,True
1806,0,0.0,False
1807,0,0.4666666666666667,False
1808,0,0.13333333333333333,False
1809,0,0.5333333333333333,True
1810,0,0.26666666666666666,False
1811,0,0.26666666666666666,False
1812,0,0.13333333333333333,False
1813,0,0.7333333333333333,True
1814,0,0.3333333333333333,False
1815,0,0.2,False
1816,0,0.26666666666666666,False
1817,0,0.4,False
1818,0,0.3333333333333333,False
1819,0,0.4,False
1820,0,0.8666666666666667,True
1821,0,0.6,True
1822,0,0.13333333333333333,False
1823,0,0.4,False
1824,0,0.5333333333333333,True
1825,0,0.06666666666666667,False
1826,0,0.3333333333333333,False
1827,0,0.4,False
1828,0,0.2,False
1829,0,0.13333333333333333,False
1830,0,0.5333333333333333,True
1831,0,0.26666666666666666,False
1832,0,0.6,True
1833,0,0.3333333333333333,False
1834,0,0.5333333333333333,True
1835,0,0.4666666666666667,False
1836,0,0.6,True
1837,0,0.8666666666666667,True
1838,0,0.7333333333333333,True
1839,0,0.06666666666666667,False
1840,0,0.06666666666666667,False
1841,0,0.06666666666666667,False
1842,0,0.2,False
1843,0,0.2,False
1844,0,0.06666666666666667,False
1845,0,0.8666666666666667,True
1846,0,0.2,False
1847,0,0.26666666666666666,False
1848,0,0.0,False
1849,0,0.26666666666666666,False
1850,0,0.3333333333333333,False
1851,0,0.5333333333333333,True
1852,0,0.4,False
1853,0,0.3333333333333333,False
1854,0,0.13333333333333333,False
1855,0,0.13333333333333333,False
1856,0,0.06666666666666667,False
1857,0,0.26666666666666666,False
1858,0,0.6,True
1859,0,0.2,False
1860,0,0.6,True
1861,0,0.06666666666666667,False
1862,0,0.3333333333333333,False
1863,0,0.2,False
1864,0,0.2,False
1865,0,0.26666666666666666,False
1866,0,0.2,False
1867,0,0.2,False
1868,0,0.0,False
1869,0,0.4,False
1870,0,0.3333333333333333,False
1871,0,0.8666666666666667,True
1872,0,0.2,False
1873,0,0.13333333333333333,False
1874,0,0.4,False
1875,0,0.13333333333333333,False
1876,0,0.5333333333333333,True
1877,0,0.8,True
1878,0,0.5333333333333333,True
1879,0,0.13333333333333333,False
1880,0,0.4,False
1881,0,0.26666666666666666,False
1882,0,0.2,False
1883,0,0.06666666666666667,False
1884,0,0.3333333333333333,False
1885,0,0.6666666666666666,True
1886,0,0.3333333333333333,False
1887,0,0.2,False
1888,0,0.4666666666666667,False
1889,0,0.13333333333333333,False
1890,0,0.7333333333333333,True
1891,0,0.2,False
1892,0,0.6,True
1893,0,0.26666666666666666,False
1894,0,0.6,True
1895,0,0.5333333333333333,True
1896,0,0.26666666666666666,False
1897,0,0.6,True
1898,0,0.8666666666666667,True
1899,0,0.13333333333333333,False
1900,0,0.4,False
1901,0,0.3333333333333333,False
1902,0,0.4666666666666667,False
1903,0,0.2,False
1904,0,0.4,False
1905,0,1.0,True
1906,0,0.2,False
1907,0,0.3333333333333333,False
1908,0,0.0,False
1909,0,0.4666666666666667,False
1910,0,1.0,True
1911,0,0.2,False
1912,0,0.8666666666666667,True
1913,0,0.3333333333333333,False
1914,0,0.3333333333333333,False
1915,0,0.06666666666666667,False
1916,0,0.06666666666666667,False
1917,0,0.2,False
1918,0,0.0,False
1919,0,0.3333333333333333,False
1920,0,0.26666666666666666,False
1921,0,0.4,False
1922,0,0.6,True
1923,0,0.2,False
1924,0,0.6,True
1925,0,0.06666666666666667,False
1926,0,0.13333333333333333,False
1927,0,0.3333333333333333,False
1928,0,0.7333333333333333,True
1929,0,0.26666666666666666,False
1930,0,0.2,False
1931,0,0.3333333333333333,False
1932,0,0.3333333333333333,False
1933,0,0.3333333333333333,False
1934,0,0.8,True
1935,0,0.2,False
1936,0,0.06666666666666667,False
1937,0,0.3333333333333333,False
1938,0,0.8,True
1939,0,0.8,True
1940,0,0.13333333333333333,False
1941,0,0.0,False
1942,0,0.13333333333333333,False
1943,0,0.4,False
1944,0,0.06666666666666667,False
1945,0,0.6,True
1946,0,0.0,False
1947,0,0.26666666666666666,False
1948,0,0.6,True
1949,0,0.8,True
1950,0,0.2,False
1951,0,0.6666666666666666,True
1952,0,0.2,False
1953,0,0.2,False
1954,0,0.2,False
1955,0,0.6,True
1956,0,0.7333333333333333,True
1957,0,0.4666666666666667,False
1958,0,0.7333333333333333,True
1959,0,0.6,True
1960,0,0.2,False
1961,0,0.0,False
1962,0,0.13333333333333333,False
1963,0,0.5333333333333333,True
1964,0,0.3333333333333333,False
1965,0,0.13333333333333333,False
1966,0,0.06666666666666667,False
1967,0,0.3333333333333333,False
1968,0,0.7333333333333333,True
1969,0,0.0,False
1970,0,0.4666666666666667,False
1971,0,0.8,True
1972,0,0.9333333333333333,True
1973,0,0.26666666666666666,False
1974,0,0.13333333333333333,False
1975,0,0.8666666666666667,True
1976,0,0.4,False
1977,0,0.26666666666666666,False
1978,0,0.7333333333333333,True
1979,0,0.7333333333333333,True
1980,0,0.8666666666666667,True
1981,0,0.8666666666666667,True
1982,0,0.8,True
1983,0,0.6666666666666666,True
1984,0,0.3333333333333333,False
1985,0,0.9333333333333333,True
1986,0,0.4666666666666667,False
1987,0,0.13333333333333333,False
1988,0,0.13333333333333333,False
1989,0,0.6,True
1990,0,0.3333333333333333,False
1991,0,0.26666666666666666,False
1992,0,0.6,True
1993,0,0.13333333333333333,False
1994,0,0.4666666666666667,False
1995,0,0.0,False
1996,0,0.6666666666666666,True
1997,0,0.9333333333333333,True
1998,0,0.06666666666666667,False
1999,0,0.3333333333333333,False
2000,0,0.26666666666666666,False
2001,0,0.2,False
2002,0,0.26666666666666666,False
2003,0,0.13333333333333333,False
2004,0,0.5333333333333333,True
2005,0,0.5333333333333333,True
2006,0,0.5333333333333333,True
2007,0,0.13333333333333333,False
2008,0,0.4,False
2009,0,0.4666666666666667,False
2010,0,0.6,True
2011,0,0.06666666666666667,False
2012,0,0.2,False
2013,0,0.4666666666666667,False
2014,0,0.13333333333333333,False
2015,0,0.6,True
2016,0,0.6,True
2017,0,0.4,False
2018,0,0.4,False
2019,0,0.8,True
2020,0,0.06666666666666667,False
2021,0,0.26666666666666666,False
2022,0,0.2,False
2023,0,0.13333333333333333,False
2024,0,0.8666666666666667,True
2025,0,0.13333333333333333,False
2026,0,0.4,False
2027,0,0.13333333333333333,False
2028,0,0.4666666666666667,False
2029,0,0.5333333333333333,True
2030,0,0.4,False
2031,0,0.6666666666666666,True
2032,0,0.3333333333333333,False
2033,0,0.4666666666666667,False
2034,0,0.5333333333333333,True
2035,0,0.5333333333333333,True
2036,0,0.4666666666666667,False
2037,0,0.3333333333333333,False
2038,0,0.5333333333333333,True
2039,0,0.0,False
2040,0,0.8,True
2041,0,0.8,True
2042,0,0.3333333333333333,False
2043,0,0.2,False
2044,0,0.8,True
2045,0,0.5333333333333333,True
2046,0,0.5333333333333333,True
2047,0,0.8666666666666667,True
2048,0,0.6,True
2049,0,0.5333333333333333,True
2050,0,0.6,True
2051,0,0.5333333333333333,True
2052,0,0.3333333333333333,False
2053,0,0.6666666666666666,True
2054,0,0.06666666666666667,False
2055,0,0.5333333333333333,True
2056,0,0.26666666666666666,False
2057,0,0.3333333333333333,False
2058,0,0.6666666666666666,True
2059,0,0.2,False
2060,0,0.3333333333333333,False
2061,0,0.06666666666666667,False
2062,0,0.7333333333333333,True
2063,0,0.5333333333333333,True
2064,0,0.26666666666666666,False
2065,0,0.5333333333333333,True
2066,0,0.4,False
2067,0,0.0,False
2068,0,1.0,True
2069,0,0.6666666666666666,True
2070,0,0.8,True
2071,0,0.6666666666666666,True
2072,0,0.6,True
2073,0,0.4,False
2074,0,0.26666666666666666,False
2075,0,0.8,True
2076,0,0.13333333333333333,False
2077,0,0.8666666666666667,True
2078,0,1.0,True
2079,0,0.6,True
2080,0,0.2,False
2081,0,0.26666666666666666,False
2082,0,0.13333333333333333,False
2083,0,0.06666666666666667,False
2084,0,0.2,False
2085,0,0.8,True
2086,0,0.26666666666666666,False
2087,0,0.3333333333333333,False
2088,0,0.3333333333333333,False
2089,0,0.8,True
2090,0,0.7333333333333333,True
2091,0,0.9333333333333333,True
2092,0,0.13333333333333333,False
2093,0,0.2,False
2094,0,0.13333333333333333,False
2095,0,0.5333333333333333,True
2096,0,0.26666666666666666,False
2097,0,0.13333333333333333,False
2098,0,0.4,False
2099,0,0.26666666666666666,False
2100,0,0.5333333333333333,True
2101,0,0.13333333333333333,False
2102,0,0.5333333333333333,True
2103,0,0.2,False
2104,0,0.0,False
2105,0,0.26666666666666666,False
2106,0,0.6666666666666666,True
2107,0,0.7333333333333333,True
2108,0,0.13333333333333333,False
2109,0,0.26666666666666666,False
2110,0,0.13333333333333333,False
2111,0,0.13333333333333333,False
2112,0,0.2,False
2113,0,0.3333333333333333,False
2114,0,0.2,False
2115,0,0.7333333333333333,True
2116,0,0.3333333333333333,False
2117,0,0.13333333333333333,False
2118,0,0.2,False
2119,0,0.13333333333333333,False
